sample_id,modality,rank,position,position_score,attention_score,modality_score,text_span,start_sec,end_sec,start_frame,end_frame,representative_frame,mapping_method,mapping_confidence
01,text,1,13,0.1554684882030413,0.29409492015838623,0.5920633041476276,ensuring,5.189781021897811,5.7153284671532845,155,171,163,token_offset_proportional_fallback,0.35
01,text,2,11,0.07824091394768382,0.12280473858118057,0.5920633041476276,essential,4.335766423357664,4.927007299270073,130,147,138,token_offset_proportional_fallback,0.35
01,text,3,18,0.07196609022833476,0.0889919251203537,0.5920633041476276,to,7.226277372262774,7.357664233576642,216,220,218,token_offset_proportional_fallback,0.35
01,text,4,15,0.06525456595738834,0.045983877032995224,0.5920633041476276,new,6.043795620437956,6.240875912408759,181,187,184,token_offset_proportional_fallback,0.35
01,text,5,14,0.05787439340457832,0.027314145117998123,0.5920633041476276,the,5.781021897810219,5.978102189781022,173,179,176,token_offset_proportional_fallback,0.35
01,audio,1,22,0.07045988030824746,0.18451829254627228,0.19286598331238336,requirements,8.211678832116789,9.0,246,269,258,token_offset_proportional_fallback,0.35
01,audio,2,3,0.05485291140446143,0.048307500779628754,0.19286598331238336,wear,1.051094890510949,1.313868613138686,31,39,35,token_offset_proportional_fallback,0.35
01,audio,3,10,0.05260887456475211,0.03585685417056084,0.19286598331238336,is,4.138686131386861,4.2700729927007295,124,128,126,token_offset_proportional_fallback,0.35
01,audio,4,13,0.05013722261328091,0.05239424109458923,0.19286598331238336,ensuring,5.189781021897811,5.7153284671532845,155,171,163,token_offset_proportional_fallback,0.35
01,audio,5,21,0.049654435830605435,0.09588887542486191,0.19286598331238336,age,7.9489051094890515,8.145985401459853,238,244,241,token_offset_proportional_fallback,0.35
01,vision,1,20,0.06717111679882215,0.08487655967473984,0.21507071253998894,mile,7.686131386861314,7.9489051094890515,230,238,234,token_offset_proportional_fallback,0.35
01,vision,2,4,0.06502018062124994,0.014857755973935127,0.21507071253998894,components,1.3795620437956204,2.0364963503649633,41,61,51,token_offset_proportional_fallback,0.35
01,vision,3,6,0.06123922540090972,0.2382805049419403,0.21507071253998894,replacing,2.4306569343065694,3.021897810218978,72,90,81,token_offset_proportional_fallback,0.35
01,vision,4,5,0.060786244487479005,0.16963666677474976,0.21507071253998894,when,2.102189781021898,2.3649635036496353,63,70,66,token_offset_proportional_fallback,0.35
01,vision,5,11,0.057128908902737086,0.00543940719217062,0.21507071253998894,essential,4.335766423357664,4.927007299270073,130,147,138,token_offset_proportional_fallback,0.35
02,text,1,18,0.12092467938673963,0.07440073788166046,0.5941766284335093,misery,3.2450704225352114,3.5492957746478875,97,106,102,token_offset_proportional_fallback,0.35
02,text,2,11,0.09022663860839983,0.057655807584524155,0.5941766284335093,-,2.1295774647887327,2.1802816901408453,63,65,64,token_offset_proportional_fallback,0.35
02,text,3,9,0.0747121661005608,0.1665836125612259,0.5941766284335093,s,1.5211267605633803,1.571830985915493,45,47,46,token_offset_proportional_fallback,0.35
02,text,4,4,0.0674865330510384,0.13354024291038513,0.5941766284335093,live,0.5577464788732395,0.7605633802816901,16,22,19,token_offset_proportional_fallback,0.35
02,text,5,12,0.06395927232078354,0.044292569160461426,0.5941766284335093,not,2.230985915492958,2.383098591549296,66,71,68,token_offset_proportional_fallback,0.35
02,audio,1,16,0.06886651029018384,0.026734987273812294,0.14185698122238422,’,3.092957746478873,3.143661971830986,92,94,93,token_offset_proportional_fallback,0.35
02,audio,2,17,0.06674689826938637,0.027454586699604988,0.14185698122238422,s,3.143661971830986,3.1943661971830988,94,95,94,token_offset_proportional_fallback,0.35
02,audio,3,6,0.06292067814285808,0.26649659872055054,0.14185698122238422,each,0.9633802816901409,1.1661971830985915,28,34,31,token_offset_proportional_fallback,0.35
02,audio,4,7,0.05999508368630453,0.042792752385139465,0.14185698122238422,other,1.2169014084507044,1.4704225352112676,36,44,40,token_offset_proportional_fallback,0.35
02,audio,5,15,0.058347567503098434,0.024847745895385742,0.14185698122238422,other,2.8394366197183096,3.092957746478873,85,92,88,token_offset_proportional_fallback,0.35
02,vision,1,10,0.07850479190566766,0.055121030658483505,0.26396639034410646,happiness,1.6225352112676057,2.0788732394366196,48,62,55,token_offset_proportional_fallback,0.35
02,vision,2,9,0.07558805359105313,0.07943444699048996,0.26396639034410646,s,1.5211267605633803,1.571830985915493,45,47,46,token_offset_proportional_fallback,0.35
02,vision,3,13,0.0700013232330935,0.041315726935863495,0.26396639034410646,by,2.4338028169014088,2.535211267605634,73,76,74,token_offset_proportional_fallback,0.35
02,vision,4,11,0.06994859647171106,0.032695889472961426,0.26396639034410646,-,2.1295774647887327,2.1802816901408453,63,65,64,token_offset_proportional_fallback,0.35
02,vision,5,4,0.06375508176593302,0.08224187791347504,0.26396639034410646,live,0.5577464788732395,0.7605633802816901,16,22,19,token_offset_proportional_fallback,0.35
03,text,1,29,0.10125524717003004,0.14510478079319,0.49363241453531675,rental,13.090909090909092,13.762237762237762,392,412,402,token_offset_proportional_fallback,0.35
03,text,2,22,0.08366872490710957,0.24818171560764313,0.49363241453531675,rental,8.839160839160838,9.51048951048951,265,285,275,token_offset_proportional_fallback,0.35
03,text,3,27,0.048576901160769154,0.03966482728719711,0.49363241453531675,they,11.972027972027972,12.41958041958042,359,372,366,token_offset_proportional_fallback,0.35
03,text,4,14,0.04160227410067395,0.032513685524463654,0.49363241453531675,just,5.594405594405594,6.041958041958042,167,181,174,token_offset_proportional_fallback,0.35
03,text,5,23,0.03953503657735315,0.03474285826086998,0.49363241453531675,income,9.622377622377622,10.293706293706293,288,308,298,token_offset_proportional_fallback,0.35
03,audio,1,22,0.04877903864405235,0.11633318662643433,0.13838813324322868,rental,8.839160839160838,9.51048951048951,265,285,275,token_offset_proportional_fallback,0.35
03,audio,2,23,0.04491407112048992,0.03438078239560127,0.13838813324322868,income,9.622377622377622,10.293706293706293,288,308,298,token_offset_proportional_fallback,0.35
03,audio,3,32,0.04403965771753599,0.008503079414367676,0.13838813324322868,account,15.104895104895105,15.888111888111888,453,476,464,token_offset_proportional_fallback,0.35
03,audio,4,25,0.04087284750265009,0.13107019662857056,0.13838813324322868,account,10.965034965034965,11.748251748251748,328,352,340,token_offset_proportional_fallback,0.35
03,audio,5,16,0.04038000791450708,0.02678891271352768,0.13838813324322868,west,6.601398601398602,7.048951048951049,198,211,204,token_offset_proportional_fallback,0.35
03,vision,1,21,0.061425556418732485,0.13128097355365753,0.36797945222145456,take,8.27972027972028,8.727272727272727,248,261,254,token_offset_proportional_fallback,0.35
03,vision,2,23,0.04697703877028023,0.05025580897927284,0.36797945222145456,income,9.622377622377622,10.293706293706293,288,308,298,token_offset_proportional_fallback,0.35
03,vision,3,20,0.0457365628950252,0.0447995699942112,0.36797945222145456,t,8.055944055944057,8.167832167832168,241,245,243,token_offset_proportional_fallback,0.35
03,vision,4,26,0.04414921087371066,0.16764894127845764,0.36797945222145456,",",11.748251748251748,11.86013986013986,352,355,354,token_offset_proportional_fallback,0.35
03,vision,5,9,0.04379319635229509,0.0034264714922755957,0.36797945222145456,moment,2.909090909090909,3.5804195804195804,87,107,97,token_offset_proportional_fallback,0.35
04,text,1,21,0.11796710023677504,0.3275522291660309,0.45760744432748973,goodbye,7.076012461059189,7.680062305295949,212,230,221,token_offset_proportional_fallback,0.35
04,text,2,23,0.11347608970778267,0.16048665344715118,0.45760744432748973,],7.766355140186914,7.852647975077881,232,235,234,token_offset_proportional_fallback,0.35
04,text,3,12,0.0464075318883251,0.034685101360082626,0.45760744432748973,kiss,3.796884735202492,4.142056074766354,113,124,118,token_offset_proportional_fallback,0.35
04,text,4,10,0.04423753957620624,0.028234757483005524,0.45760744432748973,should,3.0202492211838003,3.5380062305295943,90,106,98,token_offset_proportional_fallback,0.35
04,text,5,15,0.04259394047865284,0.025263449177145958,0.45760744432748973,of,5.177570093457944,5.350155763239875,155,160,158,token_offset_proportional_fallback,0.35
04,audio,1,16,0.0559633784024802,0.05999245122075081,0.23758623244287672,cheering,5.43644859813084,6.126791277258566,163,183,173,token_offset_proportional_fallback,0.35
04,audio,2,17,0.05228346922998389,0.03955874964594841,0.23758623244287672,"""",6.213084112149533,6.299376947040498,186,188,187,token_offset_proportional_fallback,0.35
04,audio,3,15,0.04575647354101131,0.08251899480819702,0.23758623244287672,of,5.177570093457944,5.350155763239875,155,160,158,token_offset_proportional_fallback,0.35
04,audio,4,22,0.04553497368086841,0.027197396382689476,0.23758623244287672,?,7.680062305295949,7.766355140186914,230,232,231,token_offset_proportional_fallback,0.35
04,audio,5,23,0.04528832022407955,0.027639219537377357,0.23758623244287672,],7.766355140186914,7.852647975077881,232,235,234,token_offset_proportional_fallback,0.35
04,vision,1,9,0.07249408883737868,0.07707680761814117,0.30480632322963364,",",2.847663551401869,2.9339563862928344,85,88,86,token_offset_proportional_fallback,0.35
04,vision,2,10,0.06720584011229394,0.14799560606479645,0.30480632322963364,should,3.0202492211838003,3.5380062305295943,90,106,98,token_offset_proportional_fallback,0.35
04,vision,3,11,0.06390570175974325,0.056769274175167084,0.30480632322963364,I,3.6242990654205602,3.710591900311526,108,111,110,token_offset_proportional_fallback,0.35
04,vision,4,16,0.05907082014616083,0.07638522982597351,0.30480632322963364,cheering,5.43644859813084,6.126791277258566,163,183,173,token_offset_proportional_fallback,0.35
04,vision,5,13,0.0586420525542083,0.040936265140771866,0.30480632322963364,my,4.228348909657321,4.4009345794392525,126,132,129,token_offset_proportional_fallback,0.35
05,text,1,5,0.12233850177406949,0.12172167748212814,0.2590286389493245,is,1.1999999999999997,1.4,35,41,38,token_offset_proportional_fallback,0.35
05,text,2,4,0.11449311164260688,0.1740465760231018,0.2590286389493245,name,0.7,1.0999999999999999,21,32,26,token_offset_proportional_fallback,0.35
05,text,3,14,0.08418706947805599,0.10804834216833115,0.2590286389493245,Marketing,5.1,6.0,153,179,166,token_offset_proportional_fallback,0.35
05,text,4,2,0.07160189722193595,0.056441567838191986,0.2590286389493245,",",0.19999999999999998,0.29999999999999993,5,8,6,token_offset_proportional_fallback,0.35
05,text,5,6,0.07066897465955731,0.03483680263161659,0.2590286389493245,Chloe,1.5,2.0,45,59,52,token_offset_proportional_fallback,0.35
05,audio,1,4,0.07800798049809836,0.026309432461857796,0.14526837315339022,name,0.7,1.0999999999999999,21,32,26,token_offset_proportional_fallback,0.35
05,audio,2,5,0.07643306264729668,0.05068511143326759,0.14526837315339022,is,1.1999999999999997,1.4,35,41,38,token_offset_proportional_fallback,0.35
05,audio,3,12,0.07631756613179079,0.15833264589309692,0.14526837315339022,Red,4.1,4.3999999999999995,122,131,126,token_offset_proportional_fallback,0.35
05,audio,4,11,0.07368436410134356,0.32384273409843445,0.14526837315339022,for,3.6999999999999997,4.0,110,119,114,token_offset_proportional_fallback,0.35
05,audio,5,6,0.07345948770822461,0.02456302009522915,0.14526837315339022,Chloe,1.5,2.0,45,59,52,token_offset_proportional_fallback,0.35
05,vision,1,9,0.08880527383257174,0.09688565880060196,0.5957029878972853,market,2.8,3.3999999999999995,84,101,92,token_offset_proportional_fallback,0.35
05,vision,2,7,0.08372807108547882,0.10706225037574768,0.5957029878972853,",",2.0,2.1,60,62,61,token_offset_proportional_fallback,0.35
05,vision,3,8,0.08113221589414585,0.09929978847503662,0.5957029878972853,video,2.1999999999999997,2.6999999999999997,65,80,72,token_offset_proportional_fallback,0.35
05,vision,4,1,0.0775902889427156,0.0896957665681839,0.5957029878972853,Hi,0.0,0.19999999999999998,0,5,2,token_offset_proportional_fallback,0.35
05,vision,5,4,0.07677834018391957,0.08623484522104263,0.5957029878972853,name,0.7,1.0999999999999999,21,32,26,token_offset_proportional_fallback,0.35
06,text,1,33,0.16112447785095368,0.49315157532691956,0.4026605399484933,solely,8.826501035196687,9.189233954451344,264,275,270,token_offset_proportional_fallback,0.35
06,text,2,29,0.0665603523804766,0.04549548029899597,0.4026605399484933,check,7.556935817805382,7.859213250517598,226,235,230,token_offset_proportional_fallback,0.35
06,text,3,24,0.04981465989353275,0.05780193209648132,0.4026605399484933,then,6.166459627329192,6.408281573498965,184,192,188,token_offset_proportional_fallback,0.35
06,text,4,34,0.04465217595928072,0.014755926094949245,0.4026605399484933,for,9.249689440993787,9.431055900621118,277,282,280,token_offset_proportional_fallback,0.35
06,text,5,31,0.04115635518857767,0.01713254116475582,0.4026605399484933,this,8.161490683229813,8.403312629399585,244,252,248,token_offset_proportional_fallback,0.35
06,audio,1,23,0.05955387532487957,0.14028596878051758,0.21859272517705786,moves,5.803726708074533,6.106004140786749,174,183,178,token_offset_proportional_fallback,0.35
06,audio,2,22,0.05936051056458978,0.1427905559539795,0.21859272517705786,dance,5.440993788819875,5.7432712215320905,163,172,168,token_offset_proportional_fallback,0.35
06,audio,3,24,0.038878944854008356,0.13401198387145996,0.21859272517705786,then,6.166459627329192,6.408281573498965,184,192,188,token_offset_proportional_fallback,0.35
06,audio,4,21,0.037912108013802834,0.05615090951323509,0.21859272517705786,impressive,4.775983436853002,5.380538302277432,143,161,152,token_offset_proportional_fallback,0.35
06,audio,5,29,0.034898401527815,0.025469614192843437,0.21859272517705786,check,7.556935817805382,7.859213250517598,226,235,230,token_offset_proportional_fallback,0.35
06,vision,1,11,0.050712225523785064,0.007227372843772173,0.3787467348744489,sense,2.115942028985507,2.4182194616977224,63,72,68,token_offset_proportional_fallback,0.35
06,vision,2,9,0.04787934875059515,0.012058418244123459,0.3787467348744489,in,1.6322981366459623,1.7532091097308489,48,52,50,token_offset_proportional_fallback,0.35
06,vision,3,32,0.046410835383099744,0.031643934547901154,0.3787467348744489,movie,8.463768115942027,8.766045548654244,253,262,258,token_offset_proportional_fallback,0.35
06,vision,4,10,0.041407983599679114,0.008075917139649391,0.3787467348744489,that,1.813664596273292,2.055486542443064,54,61,58,token_offset_proportional_fallback,0.35
06,vision,5,29,0.04039681775376063,0.08217339962720871,0.3787467348744489,check,7.556935817805382,7.859213250517598,226,235,230,token_offset_proportional_fallback,0.35
07,text,1,21,0.09602052726597611,0.21539883315563202,0.41724434142858047,enthusiastically,8.66404958677686,10.257438016528926,259,307,283,token_offset_proportional_fallback,0.35
07,text,2,23,0.08454714353392219,0.12648862600326538,0.41724434142858047,the,11.352892561983472,11.651652892561984,340,349,344,token_offset_proportional_fallback,0.35
07,text,3,16,0.0615982689082086,0.08718647807836533,0.41724434142858047,28,6.572727272727273,6.771900826446282,197,203,200,token_offset_proportional_fallback,0.35
07,text,4,22,0.03599189767096452,0.022717365995049477,0.41724434142858047,discussed,10.35702479338843,11.253305785123967,310,337,324,token_offset_proportional_fallback,0.35
07,text,5,20,0.03515697000404239,0.06362597644329071,0.41724434142858047,“,8.564462809917355,8.66404958677686,256,259,258,token_offset_proportional_fallback,0.35
07,audio,1,29,0.03796908462370946,0.018264012411236763,0.1232065608871159,",",14.440082644628099,14.539669421487606,433,436,434,token_offset_proportional_fallback,0.35
07,audio,2,27,0.031141638742373794,0.026535699144005775,0.1232065608871159,the,13.543801652892563,13.842561983471075,406,415,410,token_offset_proportional_fallback,0.35
07,audio,3,48,0.03053323503058601,0.08385702222585678,0.1232065608871159,leading,23.40289256198347,24.1,702,722,712,token_offset_proportional_fallback,0.35
07,audio,4,36,0.029272992746191717,0.006848455406725407,0.1232065608871159,and,17.32809917355372,17.62685950413223,519,528,524,token_offset_proportional_fallback,0.35
07,audio,5,35,0.02868353726286495,0.1738286167383194,0.1232065608871159,",",17.12892561983471,17.228512396694217,513,516,514,token_offset_proportional_fallback,0.35
07,vision,1,32,0.05835744084557242,0.008410404436290264,0.4595490976843037,of,15.734710743801653,15.933884297520661,472,478,475,token_offset_proportional_fallback,0.35
07,vision,2,34,0.05125188928204633,0.016058888286352158,0.4595490976843037,shows,16.63099173553719,17.12892561983471,498,513,506,token_offset_proportional_fallback,0.35
07,vision,3,36,0.047536919925557856,0.018444430083036423,0.4595490976843037,and,17.32809917355372,17.62685950413223,519,528,524,token_offset_proportional_fallback,0.35
07,vision,4,1,0.031203024634287743,0.007210395764559507,0.4595490976843037,As,0.0,0.19917355371900827,0,5,2,token_offset_proportional_fallback,0.35
07,vision,5,4,0.029701565003763142,0.00861903466284275,0.4595490976843037,’,0.697107438016529,0.7966942148760331,20,23,22,token_offset_proportional_fallback,0.35
08,text,1,2,0.1990588351229771,0.3602878749370575,0.2593199296398354,brings,0.6322751322751323,1.391005291005291,18,41,30,token_offset_proportional_fallback,0.35
08,text,2,8,0.14845318375710198,0.2583172619342804,0.2593199296398354,Universal,3.92010582010582,5.058201058201059,117,151,134,token_offset_proportional_fallback,0.35
08,text,3,3,0.10218329340985063,0.04263906925916672,0.2593199296398354,us,1.5174603174603174,1.7703703703703704,45,53,49,token_offset_proportional_fallback,0.35
08,text,4,10,0.0810104448011845,0.07234617322683334,0.2593199296398354,Grand,6.06984126984127,6.702116402116403,182,201,192,token_offset_proportional_fallback,0.35
08,text,5,4,0.08088157786337759,0.04260319471359253,0.2593199296398354,to,1.8968253968253967,2.14973544973545,56,64,60,token_offset_proportional_fallback,0.35
08,audio,1,9,0.12700551709095975,0.2911210060119629,0.5410964680144577,Design,5.184656084656084,5.943386243386244,155,178,166,token_offset_proportional_fallback,0.35
08,audio,2,11,0.1057940161364927,0.23813879489898682,0.5410964680144577,Challenge,6.828571428571428,7.966666666666667,204,238,221,token_offset_proportional_fallback,0.35
08,audio,3,6,0.09431707974123389,0.04121684283018112,0.5410964680144577,",",3.1613756613756614,3.2878306878306875,94,98,96,token_offset_proportional_fallback,0.35
08,audio,4,10,0.09075876557955283,0.0693490207195282,0.5410964680144577,Grand,6.06984126984127,6.702116402116403,182,201,192,token_offset_proportional_fallback,0.35
08,audio,5,7,0.09017522192214894,0.07237233966588974,0.5410964680144577,the,3.414285714285714,3.7936507936507935,102,113,108,token_offset_proportional_fallback,0.35
08,vision,1,9,0.12020773233803213,0.10580196231603622,0.19958360234570696,Design,5.184656084656084,5.943386243386244,155,178,166,token_offset_proportional_fallback,0.35
08,vision,2,4,0.10391729119337863,0.0761677697300911,0.19958360234570696,to,1.8968253968253967,2.14973544973545,56,64,60,token_offset_proportional_fallback,0.35
08,vision,3,8,0.09807376819865969,0.05415356159210205,0.19958360234570696,Universal,3.92010582010582,5.058201058201059,117,151,134,token_offset_proportional_fallback,0.35
08,vision,4,7,0.09571986666290792,0.05678815767168999,0.19958360234570696,the,3.414285714285714,3.7936507936507935,102,113,108,token_offset_proportional_fallback,0.35
08,vision,5,11,0.09427326863441386,0.14331573247909546,0.19958360234570696,Challenge,6.828571428571428,7.966666666666667,204,238,221,token_offset_proportional_fallback,0.35
09,text,1,16,0.14212600012042992,0.17058460414409637,0.7431658766315329,not,8.475000000000001,9.004687500000001,254,270,262,token_offset_proportional_fallback,0.35
09,text,2,7,0.10522979317796644,0.21425074338912964,0.7431658766315329,not,2.1187500000000004,2.6484375,63,79,71,token_offset_proportional_fallback,0.35
09,text,3,8,0.08834083137372563,0.27674400806427,0.7431658766315329,like,2.825,3.53125,84,105,94,token_offset_proportional_fallback,0.35
09,text,4,17,0.08016959143214732,0.08888702839612961,0.7431658766315329,recommend,9.18125,10.770312500000001,275,323,299,token_offset_proportional_fallback,0.35
09,text,5,12,0.06694855285563059,0.03367368131875992,0.7431658766315329,all,6.1796875,6.7093750000000005,185,201,193,token_offset_proportional_fallback,0.35
09,audio,1,7,0.08393838610740884,0.26860395073890686,0.16802230860563272,not,2.1187500000000004,2.6484375,63,79,71,token_offset_proportional_fallback,0.35
09,audio,2,17,0.07114635281259654,0.023045962676405907,0.16802230860563272,recommend,9.18125,10.770312500000001,275,323,299,token_offset_proportional_fallback,0.35
09,audio,3,16,0.06796910092475265,0.02284129336476326,0.16802230860563272,not,8.475000000000001,9.004687500000001,254,270,262,token_offset_proportional_fallback,0.35
09,audio,4,10,0.06459434064107059,0.02848356030881405,0.16802230860563272,movie,4.590625,5.4734375,137,164,150,token_offset_proportional_fallback,0.35
09,audio,5,6,0.06281275390230101,0.040492717176675797,0.16802230860563272,did,1.4125,1.9421875000000002,42,58,50,token_offset_proportional_fallback,0.35
09,vision,1,10,0.07691262533916007,0.017673002555966377,0.08881181476283447,movie,4.590625,5.4734375,137,164,150,token_offset_proportional_fallback,0.35
09,vision,2,9,0.07420688432727157,0.020861662924289703,0.08881181476283447,this,3.7078125,4.4140625,111,132,122,token_offset_proportional_fallback,0.35
09,vision,3,16,0.06822023930103109,0.04473298043012619,0.08881181476283447,not,8.475000000000001,9.004687500000001,254,270,262,token_offset_proportional_fallback,0.35
09,vision,4,4,0.06571636781734803,0.16388343274593353,0.08881181476283447,),0.70625,0.8828125,21,26,24,token_offset_proportional_fallback,0.35
09,vision,5,1,0.06072963996093334,0.12810640037059784,0.08881181476283447,(,0.0,0.1765625,0,5,2,token_offset_proportional_fallback,0.35
10,text,1,29,0.22280938101317,0.5665389895439148,0.8030833142646019,pretty,9.573643410852712,10.077519379844961,287,302,294,token_offset_proportional_fallback,0.35
10,text,2,30,0.08000398173649546,0.07145658880472183,0.8030833142646019,terrible,10.161498708010337,10.833333333333334,304,324,314,token_offset_proportional_fallback,0.35
10,text,3,28,0.05465176162974084,0.050156120210886,0.8030833142646019,was,9.237726098191215,9.489664082687339,277,284,280,token_offset_proportional_fallback,0.35
10,text,4,14,0.049960079417798745,0.013647717423737049,0.8030833142646019,chick,4.198966408268735,4.618863049095608,125,138,132,token_offset_proportional_fallback,0.35
10,text,5,13,0.04124357538244176,0.017034078016877174,0.8030833142646019,fluffy,3.6111111111111116,4.11498708010336,108,123,116,token_offset_proportional_fallback,0.35
10,audio,1,29,0.0512732113146325,0.013350201770663261,0.11043657926427852,pretty,9.573643410852712,10.077519379844961,287,302,294,token_offset_proportional_fallback,0.35
10,audio,2,16,0.04551300716401488,0.1949169784784317,0.11043657926427852,s,5.122739018087856,5.206718346253231,153,156,154,token_offset_proportional_fallback,0.35
10,audio,3,22,0.043053444130804544,0.016393588855862617,0.11043657926427852,not,6.718346253229975,6.970284237726099,201,209,205,token_offset_proportional_fallback,0.35
10,audio,4,23,0.04280321767106242,0.021721569821238518,0.11043657926427852,against,7.054263565891473,7.642118863049096,211,229,220,token_offset_proportional_fallback,0.35
10,audio,5,21,0.040799653832379955,0.03321946784853935,0.11043657926427852,m,6.550387596899225,6.6343669250646,196,199,198,token_offset_proportional_fallback,0.35
10,vision,1,1,0.06495834168503788,0.11174305528402328,0.08648010647111955,(,0.0,0.08397932816537468,0,2,1,token_offset_proportional_fallback,0.35
10,vision,2,2,0.04328025187605897,0.12418428808450699,0.08648010647111955,umm,0.08397932816537468,0.3359173126614987,2,10,6,token_offset_proportional_fallback,0.35
10,vision,3,9,0.04285656444896448,0.01883365586400032,0.08648010647111955,do,2.3514211886304914,2.5193798449612403,70,75,72,token_offset_proportional_fallback,0.35
10,vision,4,16,0.042530788911167905,0.0033156892750412226,0.08648010647111955,s,5.122739018087856,5.206718346253231,153,156,154,token_offset_proportional_fallback,0.35
10,vision,5,3,0.04189287524501435,0.1410023719072342,0.08648010647111955,),0.3359173126614987,0.41989664082687345,10,12,11,token_offset_proportional_fallback,0.35
11,text,1,3,0.1524920150881852,0.3173257112503052,0.8201121133023583,be,1.4950819672131148,1.8688524590163935,44,56,50,token_offset_proportional_fallback,0.35
11,text,2,4,0.12065820117301122,0.06729316711425781,0.8201121133023583,ashamed,2.055737704918033,3.3639344262295086,61,100,80,token_offset_proportional_fallback,0.35
11,text,3,2,0.11068200856432311,0.20861035585403442,0.8201121133023583,would,0.3737704918032787,1.3081967213114754,11,39,25,token_offset_proportional_fallback,0.35
11,text,4,5,0.09666707445894725,0.04621918499469757,0.8201121133023583,to,3.5508196721311474,3.9245901639344263,106,117,112,token_offset_proportional_fallback,0.35
11,text,5,8,0.08811470343974066,0.05530362203717232,0.8201121133023583,this,5.980327868852459,6.727868852459017,179,201,190,token_offset_proportional_fallback,0.35
11,audio,1,12,0.09423749381026215,0.11053307354450226,0.1198395398736493,was,8.78360655737705,9.344262295081966,263,280,272,token_offset_proportional_fallback,0.35
11,audio,2,13,0.0934314173381047,0.04967014491558075,0.1198395398736493,a,9.531147540983607,9.718032786885248,285,291,288,token_offset_proportional_fallback,0.35
11,audio,3,11,0.09076879914988288,0.13570356369018555,0.1198395398736493,I,8.40983606557377,8.59672131147541,252,257,254,token_offset_proportional_fallback,0.35
11,audio,4,7,0.08675486559278647,0.030714688822627068,0.1198395398736493,made,5.045901639344263,5.7934426229508205,151,173,162,token_offset_proportional_fallback,0.35
11,audio,5,10,0.08562133159932091,0.174240380525589,0.1198395398736493,if,7.849180327868853,8.222950819672132,235,246,240,token_offset_proportional_fallback,0.35
11,vision,1,1,0.08845973858835848,0.04780879244208336,0.06004834682399235,I,0.0,0.18688524590163935,0,5,2,token_offset_proportional_fallback,0.35
11,vision,2,4,0.08693589500169249,0.047453369945287704,0.06004834682399235,ashamed,2.055737704918033,3.3639344262295086,61,100,80,token_offset_proportional_fallback,0.35
11,vision,3,11,0.08283532755433277,0.08381618559360504,0.06004834682399235,I,8.40983606557377,8.59672131147541,252,257,254,token_offset_proportional_fallback,0.35
11,vision,4,10,0.0801644711389733,0.04577387124300003,0.06004834682399235,if,7.849180327868853,8.222950819672132,235,246,240,token_offset_proportional_fallback,0.35
11,vision,5,9,0.07925973853007207,0.04921929910778999,0.06004834682399235,film,6.914754098360656,7.662295081967214,207,229,218,token_offset_proportional_fallback,0.35
12,text,1,40,0.19232776663544227,0.3807677924633026,0.7371899312509447,very,19.31774193548387,19.754301075268817,579,592,586,token_offset_proportional_fallback,0.35
12,text,2,8,0.08581413926074372,0.16949255764484406,0.7371899312509447,good,4.256451612903226,4.693010752688172,127,140,134,token_offset_proportional_fallback,0.35
12,text,3,41,0.05186243602376953,0.05175438150763512,0.7371899312509447,low,19.863440860215054,20.190860215053764,595,605,600,token_offset_proportional_fallback,0.35
12,text,4,15,0.03675474721378048,0.022324338555336,0.7371899312509447,fault,7.639784946236559,8.185483870967742,229,245,237,token_offset_proportional_fallback,0.35
12,text,5,29,0.032900541115095105,0.00783737562596798,0.7371899312509447,have,14.079032258064517,14.515591397849462,422,435,428,token_offset_proportional_fallback,0.35
12,audio,1,17,0.03958249347004582,0.007348245475441217,0.1421045012082584,their,8.622043010752689,9.167741935483871,258,275,266,token_offset_proportional_fallback,0.35
12,audio,2,29,0.037421308889115254,0.01859145425260067,0.1421045012082584,have,14.079032258064517,14.515591397849462,422,435,428,token_offset_proportional_fallback,0.35
12,audio,3,16,0.035557939867689285,0.008765159174799919,0.1421045012082584,of,8.294623655913979,8.512903225806452,248,255,252,token_offset_proportional_fallback,0.35
12,audio,4,21,0.0343178601249936,0.007402142975479364,0.1421045012082584,perhaps,10.15,10.913978494623656,304,327,316,token_offset_proportional_fallback,0.35
12,audio,5,31,0.034163743344451075,0.173736110329628,0.1421045012082584,their,15.061290322580646,15.606989247311828,451,468,460,token_offset_proportional_fallback,0.35
12,vision,1,32,0.04732608990359421,0.007435878738760948,0.12070556754079696,credit,15.716129032258065,16.370967741935484,471,491,481,token_offset_proportional_fallback,0.35
12,vision,2,16,0.03944781563688639,0.007189830299466848,0.12070556754079696,of,8.294623655913979,8.512903225806452,248,255,252,token_offset_proportional_fallback,0.35
12,vision,3,34,0.036913817942014336,0.008454935625195503,0.12070556754079696,g,16.698387096774194,16.80752688172043,500,504,502,token_offset_proportional_fallback,0.35
12,vision,4,1,0.03517426491737754,0.12326324731111526,0.12070556754079696,Or,0.0,0.21827956989247313,0,6,3,token_offset_proportional_fallback,0.35
12,vision,5,18,0.03466417205242639,0.0081989960744977,0.12070556754079696,own,9.276881720430108,9.604301075268818,278,288,283,token_offset_proportional_fallback,0.35
13,text,1,24,0.07963224307406085,0.11697985976934433,0.5268797108960058,of,6.748091603053434,6.880407124681933,202,206,204,token_offset_proportional_fallback,0.35
13,text,2,29,0.07336970694659165,0.024077825248241425,0.5268797108960058,more,8.335877862595419,8.600508905852417,250,258,254,token_offset_proportional_fallback,0.35
13,text,3,11,0.06714505567297321,0.03361314907670021,0.5268797108960058,and,2.6463104325699742,2.8447837150127224,79,85,82,token_offset_proportional_fallback,0.35
13,text,4,18,0.06543273169103038,0.15226610004901886,0.5268797108960058,find,4.366412213740458,4.631043256997455,130,138,134,token_offset_proportional_fallback,0.35
13,text,5,5,0.05668689403794746,0.03445352986454964,0.5268797108960058,could,0.9923664122137404,1.3231552162849871,29,39,34,token_offset_proportional_fallback,0.35
13,audio,1,22,0.054264171792431405,0.106716588139534,0.3438797038687062,any,6.21882951653944,6.417302798982188,186,192,189,token_offset_proportional_fallback,0.35
13,audio,2,20,0.049283556417750576,0.14187008142471313,0.3438797038687062,relationship,4.8295165394402035,5.6234096692111954,144,168,156,token_offset_proportional_fallback,0.35
13,audio,3,6,0.04768841317853968,0.025666607543826103,0.3438797038687062,take,1.3893129770992367,1.6539440203562341,41,49,45,token_offset_proportional_fallback,0.35
13,audio,4,21,0.046285478223142246,0.1585203856229782,0.3438797038687062,between,5.689567430025445,6.152671755725191,170,184,177,token_offset_proportional_fallback,0.35
13,audio,5,10,0.04421097375215254,0.005387763027101755,0.3438797038687062,data,2.3155216284987277,2.5801526717557253,69,77,73,token_offset_proportional_fallback,0.35
14,text,1,5,0.0813112724819958,0.03373820334672928,0.5355951654144774,-,1.0573248407643312,1.145435244161359,31,34,32,token_offset_proportional_fallback,0.35
14,text,2,17,0.05936422037488247,0.14987744390964508,0.5355951654144774,former,5.198513800424629,5.727176220806794,155,171,163,token_offset_proportional_fallback,0.35
14,text,3,4,0.05655478558512879,0.0666542574763298,0.5355951654144774,co,0.881104033970276,1.0573248407643312,26,31,28,token_offset_proportional_fallback,0.35
14,text,4,14,0.04623699388658839,0.03269940987229347,0.5355951654144774,Limited,3.788747346072187,4.40552016985138,113,132,122,token_offset_proportional_fallback,0.35
14,text,5,16,0.04272776266674471,0.12840887904167175,0.5355951654144774,the,4.846072186836518,5.110403397027601,145,153,149,token_offset_proportional_fallback,0.35
14,audio,1,34,0.0536641243128826,0.23989418148994446,0.14775062370283537,University,12.86411889596603,13.745222929936306,385,412,398,token_offset_proportional_fallback,0.35
14,audio,2,35,0.04620611057780459,0.16522610187530518,0.14775062370283537,.,13.745222929936306,13.833333333333334,412,414,413,token_offset_proportional_fallback,0.35
14,audio,3,6,0.04058117439934728,0.009327098727226257,0.14775062370283537,founder,1.145435244161359,1.762208067940552,34,52,43,token_offset_proportional_fallback,0.35
14,audio,4,22,0.03818680935548911,0.015174083411693573,0.14775062370283537,Final,8.45859872611465,8.899150743099788,253,266,260,token_offset_proportional_fallback,0.35
14,audio,5,33,0.03408228622327886,0.03300759196281433,0.14775062370283537,York,12.42356687898089,12.776008492569003,372,383,378,token_offset_proportional_fallback,0.35
14,vision,1,32,0.10020032447447559,0.03950478136539459,0.31665421088268725,s,12.247346072186838,12.335456475583864,367,370,368,token_offset_proportional_fallback,0.35
14,vision,2,34,0.06679842433570597,0.13148799538612366,0.31665421088268725,University,12.86411889596603,13.745222929936306,385,412,398,token_offset_proportional_fallback,0.35
14,vision,3,20,0.061052204674647274,0.034995317459106445,0.31665421088268725,of,7.489384288747347,7.665605095541402,224,229,226,token_offset_proportional_fallback,0.35
14,vision,4,35,0.05002372880081952,0.19100895524024963,0.31665421088268725,.,13.745222929936306,13.833333333333334,412,414,413,token_offset_proportional_fallback,0.35
14,vision,5,17,0.04073048566427339,0.03584825620055199,0.31665421088268725,former,5.198513800424629,5.727176220806794,155,171,163,token_offset_proportional_fallback,0.35
15,text,1,14,0.10933984711190806,0.173063725233078,0.270284204729885,they,4.512820512820513,4.763532763532763,135,142,138,token_offset_proportional_fallback,0.35
15,text,2,15,0.10415745089168846,0.30950090289115906,0.270284204729885,believed,4.826210826210826,5.327635327635327,144,159,152,token_offset_proportional_fallback,0.35
15,text,3,10,0.08911487420128332,0.061688706278800964,0.270284204729885,iti,3.0085470085470085,3.1965811965811968,90,95,92,token_offset_proportional_fallback,0.35
15,text,4,11,0.07213491382850352,0.01941574178636074,0.270284204729885,ze,3.1965811965811968,3.321937321937322,95,99,97,token_offset_proportional_fallback,0.35
15,text,5,13,0.057661642138751204,0.0355379544198513,0.270284204729885,because,4.011396011396012,4.45014245014245,120,133,126,token_offset_proportional_fallback,0.35
15,audio,1,17,0.07555738049607662,0.10013681650161743,0.43559223458900703,its,5.578347578347578,5.766381766381766,167,172,170,token_offset_proportional_fallback,0.35
15,audio,2,16,0.06576669662288176,0.07301801443099976,0.43559223458900703,in,5.39031339031339,5.515669515669515,161,165,163,token_offset_proportional_fallback,0.35
15,audio,3,15,0.06260894517060549,0.08139976114034653,0.43559223458900703,believed,4.826210826210826,5.327635327635327,144,159,152,token_offset_proportional_fallback,0.35
15,audio,4,6,0.06171663346691005,0.031464409083127975,0.43559223458900703,",",1.8803418803418803,1.9430199430199429,56,58,57,token_offset_proportional_fallback,0.35
15,audio,5,5,0.05509568463180179,0.030940884724259377,0.43559223458900703,poverty,1.4415954415954415,1.8803418803418803,43,56,50,token_offset_proportional_fallback,0.35
15,vision,1,9,0.0794228892901298,0.05323280766606331,0.294123560681108,prior,2.695156695156695,3.0085470085470085,80,90,85,token_offset_proportional_fallback,0.35
15,vision,2,10,0.07177510200331597,0.053461670875549316,0.294123560681108,iti,3.0085470085470085,3.1965811965811968,90,95,92,token_offset_proportional_fallback,0.35
15,vision,3,11,0.06801390322722965,0.05979030206799507,0.294123560681108,ze,3.1965811965811968,3.321937321937322,95,99,97,token_offset_proportional_fallback,0.35
15,vision,4,17,0.06749880197311313,0.30256387591362,0.294123560681108,its,5.578347578347578,5.766381766381766,167,172,170,token_offset_proportional_fallback,0.35
15,vision,5,21,0.05354641098117221,0.093525730073452,0.294123560681108,lives,7.019943019943019,7.333333333333333,210,219,214,token_offset_proportional_fallback,0.35
16,text,1,10,0.22831968691048246,0.2668127715587616,0.8266123320093224,terrible,3.665853658536585,4.752032520325203,109,142,126,token_offset_proportional_fallback,0.35
16,text,2,4,0.164241911316157,0.2035617232322693,0.8266123320093224,a,0.6788617886178862,0.8146341463414634,20,24,22,token_offset_proportional_fallback,0.35
16,text,3,5,0.133542235902362,0.2597150206565857,0.8266123320093224,terrible,0.9504065040650407,2.0365853658536586,28,61,44,token_offset_proportional_fallback,0.35
16,text,4,9,0.13150461959064363,0.13398298621177673,0.8266123320093224,a,3.3943089430894307,3.530081300813008,101,105,103,token_offset_proportional_fallback,0.35
16,text,5,11,0.07132729244595817,0.011995341628789902,0.8266123320093224,movie,4.8878048780487795,5.566666666666666,146,166,156,token_offset_proportional_fallback,0.35
16,audio,1,7,0.1693534890121847,0.44470497965812683,0.09811092441178793,this,2.308130081300813,2.851219512195122,69,85,77,token_offset_proportional_fallback,0.35
16,audio,2,8,0.11279991329475801,0.12950311601161957,0.09811092441178793,is,2.986991869918699,3.2585365853658534,89,97,93,token_offset_proportional_fallback,0.35
16,audio,3,6,0.10427627745247027,0.07477051764726639,0.09811092441178793,",",2.0365853658536586,2.1723577235772358,61,65,63,token_offset_proportional_fallback,0.35
16,audio,4,5,0.09050421391260707,0.06351186335086823,0.09811092441178793,terrible,0.9504065040650407,2.0365853658536586,28,61,44,token_offset_proportional_fallback,0.35
16,audio,5,11,0.08511814424067071,0.03707801178097725,0.09811092441178793,movie,4.8878048780487795,5.566666666666666,146,166,156,token_offset_proportional_fallback,0.35
16,vision,1,7,0.1564415898631861,0.563036322593689,0.07527674357888968,this,2.308130081300813,2.851219512195122,69,85,77,token_offset_proportional_fallback,0.35
16,vision,2,10,0.13246781199595642,0.1574867069721222,0.07527674357888968,terrible,3.665853658536585,4.752032520325203,109,142,126,token_offset_proportional_fallback,0.35
16,vision,3,9,0.11907713776570834,0.035368066281080246,0.07527674357888968,a,3.3943089430894307,3.530081300813008,101,105,103,token_offset_proportional_fallback,0.35
16,vision,4,11,0.09239985444159053,0.012988964095711708,0.07527674357888968,movie,4.8878048780487795,5.566666666666666,146,166,156,token_offset_proportional_fallback,0.35
16,vision,5,1,0.07676100297359419,0.009706101380288601,0.07527674357888968,It,0.0,0.27154471544715447,0,8,4,token_offset_proportional_fallback,0.35
17,text,1,23,0.12509515600943927,0.2019798755645752,0.684566756116581,guru,13.433587786259542,13.860050890585242,403,415,409,token_offset_proportional_fallback,0.35
17,text,2,9,0.10515396514555127,0.1648605316877365,0.684566756116581,is,6.183715012722646,6.396946564885496,185,191,188,token_offset_proportional_fallback,0.35
17,text,3,2,0.06348828198221387,0.12378726154565811,0.684566756116581,these,0.9595419847328245,1.492620865139949,28,44,36,token_offset_proportional_fallback,0.35
17,text,4,14,0.060878227299722074,0.04832760617136955,0.684566756116581,will,8.316030534351146,8.742493638676844,249,262,256,token_offset_proportional_fallback,0.35
17,text,5,4,0.05479756443732328,0.03658722713589668,0.684566756116581,design,2.132315521628499,2.772010178117048,63,83,73,token_offset_proportional_fallback,0.35
17,audio,1,10,0.06378683877734723,0.009306211024522781,0.1432003296251081,simple,6.503562340966921,7.14325699745547,195,214,204,token_offset_proportional_fallback,0.35
17,audio,2,17,0.060526876759831594,0.17089729011058807,0.1432003296251081,think,10.128498727735368,10.661577608142494,303,319,311,token_offset_proportional_fallback,0.35
17,audio,3,19,0.05194252797074464,0.12448733299970627,0.1432003296251081,turned,11.194656488549619,11.834351145038168,335,355,345,token_offset_proportional_fallback,0.35
17,audio,4,7,0.05188215863902144,0.00818674173206091,0.1432003296251081,your,4.158015267175573,4.584478371501272,124,137,130,token_offset_proportional_fallback,0.35
17,audio,5,16,0.05020890796380135,0.0760514959692955,0.1432003296251081,people,9.382188295165394,10.021882951653945,281,300,290,token_offset_proportional_fallback,0.35
17,vision,1,20,0.0814429952421891,0.03877366706728935,0.1722329142583109,into,11.940966921119593,12.367430025445293,358,371,364,token_offset_proportional_fallback,0.35
17,vision,2,9,0.06717344510982481,0.0385742224752903,0.1722329142583109,is,6.183715012722646,6.396946564885496,185,191,188,token_offset_proportional_fallback,0.35
17,vision,3,10,0.05534970490368964,0.037953004240989685,0.1722329142583109,simple,6.503562340966921,7.14325699745547,195,214,204,token_offset_proportional_fallback,0.35
17,vision,4,11,0.05465704361900195,0.05720643326640129,0.1722329142583109,",",7.14325699745547,7.249872773536896,214,217,216,token_offset_proportional_fallback,0.35
17,vision,5,19,0.052590674758330014,0.03500460088253021,0.1722329142583109,turned,11.194656488549619,11.834351145038168,335,355,345,token_offset_proportional_fallback,0.35
18,text,1,29,0.07728345279578328,0.12320030480623245,0.5927172416827272,denied,12.390308370044053,12.994713656387667,371,389,380,token_offset_proportional_fallback,0.35
18,text,2,22,0.07256985419069298,0.15719470381736755,0.5927172416827272,ese,9.36828193832599,9.670484581497796,281,290,286,token_offset_proportional_fallback,0.35
18,text,3,40,0.06074157471889577,0.07528097182512283,0.5927172416827272,failed,18.837298091042584,19.441703377386197,565,583,574,token_offset_proportional_fallback,0.35
18,text,4,5,0.05864461902529485,0.016843456774950027,0.5927172416827272,-,1.6117474302496329,1.7124816446402351,48,51,50,token_offset_proportional_fallback,0.35
18,text,5,44,0.032648436584252406,0.0577857531607151,0.5927172416827272,agreement,20.751248164464027,21.65785609397944,622,649,636,token_offset_proportional_fallback,0.35
18,audio,1,7,0.03900740960914947,0.18354329466819763,0.18159881758361418,first,2.2161527165932453,2.7198237885462553,66,81,74,token_offset_proportional_fallback,0.35
18,audio,2,8,0.03045767638702036,0.18184834718704224,0.18159881758361418,Baltic,2.8205580029368575,3.4249632892804702,84,102,93,token_offset_proportional_fallback,0.35
18,audio,3,16,0.02943533861990755,0.007847540080547333,0.18159881758361418,-,7.252863436123349,7.35359765051395,217,220,218,token_offset_proportional_fallback,0.35
18,audio,4,17,0.029006646014521922,0.00829649530351162,0.18159881758361418,Meanwhile,7.35359765051395,8.260205580029368,220,247,234,token_offset_proportional_fallback,0.35
18,audio,5,21,0.02822212946777437,0.0049292161129415035,0.18159881758361418,ro,9.166813509544788,9.36828193832599,275,281,278,token_offset_proportional_fallback,0.35
18,vision,1,32,0.04260906324811025,0.01886608451604843,0.22568394073365852,based,14.908663729809104,15.412334801762114,447,462,454,token_offset_proportional_fallback,0.35
18,vision,2,4,0.03708160492352627,0.0033799204975366592,0.22568394073365852,Denmark,0.8058737151248164,1.5110132158590308,24,45,34,token_offset_proportional_fallback,0.35
18,vision,3,36,0.033250339289359575,0.016652535647153854,0.22568394073365852,that,16.721879588839943,17.12481644640235,501,513,507,token_offset_proportional_fallback,0.35
18,vision,4,9,0.03228652584216113,0.01543026976287365,0.22568394073365852,Cod,3.525697503671072,3.8279001468428784,105,114,110,token_offset_proportional_fallback,0.35
18,vision,5,29,0.03175699973926369,0.07972823083400726,0.22568394073365852,denied,12.390308370044053,12.994713656387667,371,389,380,token_offset_proportional_fallback,0.35
19,text,1,3,0.2291984288034342,0.5563820004463196,0.6693961905662608,surprisingly,0.9985436893203883,2.0878640776699027,29,62,46,token_offset_proportional_fallback,0.35
19,text,2,15,0.07690104293429209,0.16155453026294708,0.6693961905662608,unfortunately,6.808252427184466,7.988349514563106,204,239,222,token_offset_proportional_fallback,0.35
19,text,3,4,0.054525257102442694,0.015209951438009739,0.6693961905662608,for,2.178640776699029,2.4509708737864075,65,73,69,token_offset_proportional_fallback,0.35
19,text,4,2,0.048515586862887844,0.013811281882226467,0.6693961905662608,are,0.6354368932038835,0.9077669902912622,19,27,23,token_offset_proportional_fallback,0.35
19,text,5,5,0.04164197187886388,0.02986334264278412,0.6693961905662608,giving,2.4509708737864075,2.995631067961165,73,89,81,token_offset_proportional_fallback,0.35
19,audio,1,29,0.038865805905140445,0.047942280769348145,0.1471819274499702,imperfect,13.707281553398058,14.524271844660195,411,435,423,token_offset_proportional_fallback,0.35
19,audio,2,34,0.033811414392838704,0.1831059604883194,0.1471819274499702,the,15.79514563106796,16.06747572815534,473,482,478,token_offset_proportional_fallback,0.35
19,audio,3,12,0.033358915774933,0.03865262493491173,0.1471819274499702,mistakes,5.5373786407767,6.2635922330097085,166,187,176,token_offset_proportional_fallback,0.35
19,audio,4,35,0.033015181185771895,0.07909811288118362,0.1471819274499702,most,16.158252427184465,16.521359223300973,484,495,490,token_offset_proportional_fallback,0.35
19,audio,5,38,0.03140878655458927,0.019092634320259094,0.1471819274499702,people,17.156796116504854,17.70145631067961,514,531,522,token_offset_proportional_fallback,0.35
19,vision,1,32,0.04430117427176645,0.01955426298081875,0.18342188198376913,but,15.06893203883495,15.341262135922328,452,460,456,token_offset_proportional_fallback,0.35
19,vision,2,24,0.04009738974292851,0.14691564440727234,0.18342188198376913,fingers,11.347087378640778,11.98252427184466,340,359,350,token_offset_proportional_fallback,0.35
19,vision,3,23,0.03846830726174328,0.09343036264181137,0.18342188198376913,point,10.802427184466017,11.25631067961165,324,337,330,token_offset_proportional_fallback,0.35
19,vision,4,11,0.03818649445032969,0.016213390976190567,0.18342188198376913,to,5.2650485436893195,5.446601941747573,157,163,160,token_offset_proportional_fallback,0.35
19,vision,5,9,0.03700528266445164,0.022077279165387154,0.18342188198376913,own,4.629611650485437,4.901941747572815,138,147,142,token_offset_proportional_fallback,0.35
20,text,1,23,0.07413500134251248,0.09653598070144653,0.3973737101213593,more,9.893604651162791,10.328488372093023,296,309,302,token_offset_proportional_fallback,0.35
20,text,2,18,0.0627296711588738,0.11335238069295883,0.3973737101213593,and,8.262790697674419,8.588953488372093,247,257,252,token_offset_proportional_fallback,0.35
20,text,3,42,0.056989323777151525,0.13763201236724854,0.3973737101213593,today,18.04767441860465,18.59127906976744,541,557,549,token_offset_proportional_fallback,0.35
20,text,4,5,0.0565411259144938,0.02379561960697174,0.3973737101213593,click,1.630813953488372,2.1744186046511627,48,65,56,token_offset_proportional_fallback,0.35
20,text,5,41,0.0461404952630527,0.12976153194904327,0.3973737101213593,day,17.61279069767442,17.938953488372093,528,538,533,token_offset_proportional_fallback,0.35
20,audio,1,36,0.04827396249710814,0.06545385718345642,0.29173519120472224,at,15.655813953488371,15.873255813953488,469,476,472,token_offset_proportional_fallback,0.35
20,audio,2,28,0.0438408277465723,0.06679846346378326,0.29173519120472224,stock,12.502906976744185,13.046511627906977,375,391,383,token_offset_proportional_fallback,0.35
20,audio,3,27,0.03572345969633342,0.06795651465654373,0.29173519120472224,a,12.285465116279068,12.394186046511626,368,371,370,token_offset_proportional_fallback,0.35
20,audio,4,41,0.0292912590673828,0.024683872237801552,0.29173519120472224,day,17.61279069767442,17.938953488372093,528,538,533,token_offset_proportional_fallback,0.35
20,audio,5,32,0.028631405875068357,0.011658121831715107,0.29173519120472224,wrap,14.67732558139535,15.11220930232558,440,453,446,token_offset_proportional_fallback,0.35
20,vision,1,20,0.05036360903069758,0.08088280260562897,0.3108910986739184,',8.915116279069766,9.023837209302325,267,270,268,token_offset_proportional_fallback,0.35
20,vision,2,32,0.048192264972916427,0.01498562004417181,0.3108910986739184,wrap,14.67732558139535,15.11220930232558,440,453,446,token_offset_proportional_fallback,0.35
20,vision,3,9,0.0404381505263376,0.02181096561253071,0.3108910986739184,of,3.5877906976744187,3.8052325581395348,107,114,110,token_offset_proportional_fallback,0.35
20,vision,4,11,0.038661208843353105,0.014472536742687225,0.3108910986739184,description,4.348837209302325,5.544767441860465,130,166,148,token_offset_proportional_fallback,0.35
20,vision,5,34,0.036066131096760067,0.013757509179413319,0.3108910986739184,up,15.220930232558139,15.438372093023256,456,463,460,token_offset_proportional_fallback,0.35
