pattern,position,missing_rate,accuracy,macro_f1,mae,pearson,selection_score,accuracy_drop,macro_f1_drop,mae_increase,pearson_drop
none,none,0.0,0.6263736263736264,0.6072038239096158,0.5941352866517103,0.6370915210939012,1.0957615233405895,0.0,0.0,0.0,0.0
text,begin,0.1,0.603021978021978,0.5873624018391496,0.606325298822792,0.6239249674055632,1.0597060445390147,0.02335164835164838,0.01984142207046624,0.012190012171081621,0.013166553688337967
text,begin,0.2,0.5975274725274725,0.5862023284606112,0.624012687004614,0.6034754426542449,1.0336745993637027,0.028846153846153855,0.021001495449004648,0.02987740035290365,0.033616078439656305
text,begin,0.3,0.5631868131868132,0.5569972769370025,0.6462835571063417,0.5861013876398358,0.9815277753002527,0.06318681318681318,0.050206546972613286,0.05214827045463133,0.050990133454065445
text,begin,0.4,0.5467032967032966,0.5437335629689944,0.6622428169427951,0.5782917468184752,0.9564646055517709,0.07967032967032972,0.06347026094062136,0.06810753029108474,0.05879977427542604
text,begin,0.48,0.5151098901098901,0.5164261798099562,0.6887688910893093,0.5445143428765569,0.8887482999141858,0.11126373626373631,0.0907776440996596,0.09463360443759894,0.09257717821734435
text,middle,0.1,0.614010989010989,0.5993670288595166,0.6035199075103175,0.6286500942635606,1.077137146245498,0.012362637362637319,0.007836795050099155,0.00938462085860714,0.00844142683034066
text,middle,0.2,0.592032967032967,0.5806415978948699,0.6294766379779992,0.5980007435560611,1.0212731819564311,0.03434065934065933,0.026562226014745893,0.035341351326288906,0.03909077753784007
text,middle,0.3,0.5947802197802198,0.5905503673009392,0.6335005627210754,0.6001091615147569,1.0322843881354273,0.03159340659340659,0.016653456608676565,0.03936527606936502,0.03698235957914431
text,middle,0.4,0.5576923076923077,0.559253718329867,0.6558998117311653,0.5827707711565043,0.9780495365535801,0.06868131868131866,0.04795010557974877,0.06176452507945496,0.054320749937396884
text,middle,0.48,0.5233516483516484,0.5267045674285494,0.6904551132462514,0.5495977318517086,0.9036885209686951,0.10302197802197799,0.08049925648106637,0.09631982659454108,0.08749378924219264
text,end,0.1,0.5851648351648352,0.5738085607384829,0.6193104470905062,0.5904612167584435,1.0094421657242998,0.04120879120879117,0.03339526317113295,0.025175160438795863,0.04663030433545767
text,end,0.2,0.570054945054945,0.5656553750166622,0.6293444747759597,0.5902558624428137,0.9985751187654859,0.05631868131868134,0.041548448892953616,0.035209188124249335,0.04683565865108752
text,end,0.3,0.5439560439560439,0.5428889611699801,0.6487721430948823,0.5783455343606947,0.9590414597569542,0.08241758241758246,0.06431486273963571,0.054636856443171955,0.05874598673320652
text,end,0.4,0.5192307692307693,0.5216369134443268,0.6751241732093219,0.5521621925299875,0.9050180626719839,0.1071428571428571,0.08556691046528897,0.0809888865576116,0.08492932856391366
text,end,0.48,0.5068681318681318,0.5117981433770907,0.6992867576914,0.5255133350644023,0.8624897890186429,0.11950549450549453,0.09540568053252507,0.10515147103968969,0.11157818602949887
audio,begin,0.1,0.625,0.6055120291381993,0.5955142624392226,0.636669390353703,1.0933028538820966,0.0013736263736263687,0.001691794771416455,0.0013789757875122266,0.0004221307401982566
audio,begin,0.2,0.625,0.6051506529954938,0.5961496302318134,0.6362297291722421,1.0923429746097826,0.0013736263736263687,0.002053170914122049,0.002014343580103106,0.0008617919216591385
audio,begin,0.3,0.625,0.6042816607974466,0.5971767613565124,0.6358340238378479,1.0908214942961665,0.0013736263736263687,0.002922163112169196,0.003041474704802094,0.001257497256053286
audio,begin,0.4,0.6208791208791209,0.5994069243639796,0.5986123040796943,0.6351172571765501,1.0848711055206062,0.005494505494505475,0.007796899545636227,0.004477017427984009,0.0019742639173511156
audio,begin,0.48,0.6181318681318682,0.5964748329939628,0.5995054017313612,0.6347362933647931,1.0813347759259155,0.008241758241758212,0.010728990915653047,0.005370115079650906,0.0023552277291081225
audio,middle,0.1,0.625,0.6053690945187853,0.5955566066793155,0.6365637011080446,1.093043643957001,0.0013736263736263687,0.001834729390830514,0.0014213200276051996,0.0005278199858566035
audio,middle,0.2,0.6236263736263736,0.6035297588714374,0.596574690779492,0.6360627234959141,1.0904488096724785,0.0027472527472527375,0.0036740650381783535,0.0024394041277816525,0.00102879759798713
audio,middle,0.3,0.6236263736263736,0.6035297588714374,0.5977794980351393,0.6354825511946722,1.0895674355573248,0.0027472527472527375,0.0036740650381783535,0.0036442113834289636,0.0016089698992289847
audio,middle,0.4,0.6236263736263736,0.6038446966097077,0.5981615489460067,0.6354016663518822,1.0897059757250882,0.0027472527472527375,0.00335912729990806,0.004026262294296368,0.0016898547420189924
audio,middle,0.48,0.6222527472527473,0.6019992245884369,0.5983896761125844,0.6353917486926255,1.0877935542529162,0.004120879120879106,0.005204599321178893,0.004254389460874086,0.0016997724012757232
audio,end,0.1,0.6263736263736264,0.6069961406675534,0.5951603558565334,0.6365283525544461,1.0947344042578662,0.0,0.0002076832420624397,0.001025069204823037,0.00056316853945515
audio,end,0.2,0.625,0.6059210731078263,0.595440926666085,0.6365745785665138,1.0936354200078189,0.0013736263736263687,0.0012827508017895228,0.0013056400143746094,0.0005169425273874317
audio,end,0.3,0.625,0.6057763356864414,0.5960069148619608,0.6364436392858992,1.0932182462568505,0.0013736263736263687,0.0014274882231744002,0.0018716282102504422,0.0006478818080020154
audio,end,0.4,0.6208791208791209,0.6017897473917201,0.5958860885783017,0.6365747248009379,1.0893929500480826,0.005494505494505475,0.005414076517895716,0.0017508019265913832,0.0005167962929633063
audio,end,0.48,0.6222527472527473,0.6028626669570852,0.5964461706334387,0.6363741104090903,1.0901252347078159,0.004120879120879106,0.004341156952530567,0.0023108839817284066,0.0007174106848109041
vision,begin,0.1,0.6263736263736264,0.6069781227357695,0.5944427563242773,0.6374469232960678,1.095814356950768,0.0,0.0002257011738463488,0.00030746967256700675,-0.00035540220216656593
vision,begin,0.2,0.6263736263736264,0.6072979074461241,0.5949440637662889,0.636658604827356,1.0952204963319079,0.0,-9.408353650830481e-05,0.0008087771145786071,0.00043291626654518023
vision,begin,0.3,0.6291208791208791,0.6102042555263414,0.5952001664848937,0.6367632927059417,1.0981675066110597,-0.0027472527472527375,-0.003000431616725585,0.0010648798331833742,0.00032822838795953935
vision,begin,0.4,0.6291208791208791,0.6095923519190728,0.5963631311289526,0.6360160740559597,1.0965176431927943,-0.0027472527472527375,-0.0023885280094569916,0.0022278444772422246,0.0010754470379414904
vision,begin,0.48,0.625,0.605955627848244,0.5974825203551778,0.6350548703593594,1.0916398681188089,0.0013736263736263687,0.0012481960613718313,0.003347233703467456,0.002036650734541845
vision,middle,0.1,0.625,0.6061280481630007,0.5946913375986157,0.6367212245419097,1.0941764383052563,0.0013736263736263687,0.0010757757466151041,0.000556050946905362,0.00037029655199150024
vision,middle,0.2,0.6263736263736264,0.6075408462505236,0.5953488283375519,0.636009450035987,1.0947130892021226,0.0,-0.0003370223409078221,0.0012135416858415349,0.0010820710579142467
vision,middle,0.3,0.6263736263736264,0.6075408462505236,0.5963016018296392,0.6355103123757678,1.0939757581688818,0.0,-0.0003370223409078221,0.002166315177928868,0.0015812087181333867
vision,middle,0.4,0.625,0.6064648535114855,0.5967494252401373,0.6350861399588539,1.0923636371603052,0.0013736263736263687,0.000738970398130312,0.002614138588426962,0.002005381135047335
vision,middle,0.48,0.6263736263736264,0.6076357663276367,0.5969547386905485,0.6347292167278331,1.0931262983828325,0.0,-0.00043194241802091415,0.002819452038838155,0.002362304366068102
vision,end,0.1,0.6263736263736264,0.6072038239096158,0.59523728885496,0.6366440332078894,1.095038534903765,0.0,0.0,0.0011020022032496302,0.00044748788601178813
vision,end,0.2,0.625,0.6061797583694212,0.5959314441994078,0.6361899790992984,1.0933868764188674,0.0013736263736263687,0.0010240655401946297,0.0017961575476974634,0.0009015419946027947
vision,end,0.3,0.6236263736263736,0.6046903106311868,0.5964487704677395,0.6350973049868004,1.0906754230010525,0.0027472527472527375,0.0025135132784289693,0.0023134838160291382,0.0019942161071008213
vision,end,0.4,0.6222527472527473,0.60361510223743,0.5969755094457458,0.6344889543421923,1.0888601792181858,0.004120879120879106,0.003588721672185824,0.0028402227940355074,0.00260256675170889
vision,end,0.48,0.6236263736263736,0.6048358530528776,0.5970597877058426,0.6342858538969501,1.089856760023367,0.0027472527472527375,0.002367970856738233,0.0029245010541322225,0.0028056671969510782
audio_vision,begin,0.1,0.6277472527472527,0.6086178566439374,0.5946936622539607,0.6371136199901665,1.0970580610706138,-0.0013736263736263687,-0.001414032734321613,0.0005583756022503605,-2.209889626525463e-05
audio_vision,begin,0.2,0.625,0.6056085096676158,0.5959135549632925,0.6359496681990457,1.0925797891258384,0.0013736263736263687,0.00159531424199999,0.0017782683115821207,0.0011418528948554663
audio_vision,begin,0.3,0.6277472527472527,0.6077504111589442,0.5970582983899186,0.635822096319916,1.0943079328813805,-0.0013736263736263687,-0.0005465872493284341,0.002923011738208303,0.0012694247739851727
audio_vision,begin,0.4,0.6222527472527473,0.600243249245402,0.5994246708143471,0.634559326326251,1.0849464078680662,0.004120879120879106,0.006960574664213848,0.005289384162636801,0.002532194767650209
audio_vision,begin,0.48,0.6222527472527473,0.6004259524948191,0.601317572777139,0.6332669070342438,1.0833634663347782,0.004120879120879106,0.006777871414796688,0.007182286125428705,0.003824614059657394
audio_vision,middle,0.1,0.6263736263736264,0.6079558762694154,0.5950904624340903,0.6362985480819855,1.0954818087428784,0.0,-0.0007520523597995821,0.0009551757823799134,0.0007929730119157208
audio_vision,middle,0.2,0.6236263736263736,0.6042957157650785,0.5969658227829944,0.6351117856603236,1.0901660457296534,0.0027472527472527375,0.002908108144537347,0.002830536131284034,0.0019797354335776562
audio_vision,middle,0.3,0.6263736263736264,0.6072038239096158,0.5990278552705933,0.6341132309528958,1.0915600910448633,0.0,0.0,0.0048925686188829864,0.0029782901410053686
audio_vision,middle,0.4,0.6236263736263736,0.6038446966097077,0.599533558546522,0.6338262297161653,1.0877875366892424,0.0027472527472527375,0.00335912729990806,0.005398271894811679,0.0032652913777359016
audio_vision,middle,0.48,0.6222527472527473,0.6027695560386165,0.5997618450735219,0.6335350204749896,1.0863641152452255,0.004120879120879106,0.00443426787099932,0.005626558421811589,0.003556500618911662
audio_vision,end,0.1,0.6236263736263736,0.6040249783928732,0.5951571797537566,0.6360526042199871,1.0912882876744212,0.0027472527472527375,0.0031788455167426344,0.0010218931020462563,0.0010389168739141086
audio_vision,end,0.2,0.6208791208791209,0.6013088043484409,0.5961272648380875,0.6357549700293829,1.0880319581683018,0.005494505494505475,0.005895019561174886,0.001991978186377197,0.0013365510645183543
audio_vision,end,0.3,0.6222527472527473,0.6034150487909326,0.5968853854798938,0.6346568262724206,1.0888505286933796,0.004120879120879106,0.003788775118683252,0.002750098828183445,0.0024346948214806208
audio_vision,end,0.4,0.6195054945054945,0.601120401356808,0.5969077161283637,0.6344003699727548,1.086293842297472,0.006868131868131844,0.0060834225528078045,0.0027724294766533486,0.0026911511211463734
audio_vision,end,0.48,0.6222527472527473,0.6027934272671619,0.5973778826921441,0.6340095466994937,1.0874585032936197,0.004120879120879106,0.0044103966424539065,0.003242596040433754,0.003081974394407494
all_modalities,begin,0.1,0.6057692307692307,0.5890223308441228,0.605683327024383,0.6242186975114878,1.061820196599515,0.020604395604395642,0.018181493065492993,0.011548040372672652,0.012872823582413373
all_modalities,begin,0.2,0.5975274725274725,0.5858732196793662,0.6236249273684474,0.6024919043935221,1.0324588922307765,0.028846153846153855,0.021330604230249572,0.029489640716737098,0.03459961670037914
all_modalities,begin,0.3,0.5645604395604396,0.5580598113071242,0.6424418394466617,0.5845186697337864,0.9819680211792451,0.061813186813186816,0.04914401260249157,0.04830655279495133,0.0525728513601148
all_modalities,begin,0.4,0.5494505494505495,0.5458274104714349,0.6541557168149246,0.5767136960820166,0.9590021773497203,0.07692307692307687,0.0613764134381809,0.06002043016321423,0.0603778250118846
all_modalities,begin,0.48,0.5247252747252747,0.5249534127538319,0.678705263210609,0.5411429219936781,0.8964200189448579,0.10164835164835162,0.08225041115578391,0.08456997655889864,0.09594859910022313
all_modalities,middle,0.1,0.6126373626373627,0.5982772233859889,0.6034986781465544,0.6277712335219762,1.0751737873713265,0.013736263736263687,0.008926600523626926,0.009363391494844109,0.009320287571925046
all_modalities,middle,0.2,0.5934065934065934,0.5829950795481408,0.6291179608983489,0.5956312524518956,1.021346841775449,0.03296703296703296,0.02420874436147502,0.03498267424663859,0.04146026864200558
all_modalities,middle,0.3,0.6002747252747253,0.5961530569961271,0.6309980570446126,0.5980394772212573,1.0364430199562311,0.026098901098901117,0.011050766913488719,0.03686277039290231,0.03905204387264394
all_modalities,middle,0.4,0.5576923076923077,0.5584162240463545,0.647285775182344,0.583332606943918,0.9799273871946863,0.06868131868131866,0.04878759986326131,0.053150488530633644,0.05375891414998324
all_modalities,middle,0.48,0.521978021978022,0.5252610628086637,0.674042744932384,0.5532732397977017,0.9100236163732693,0.10439560439560436,0.08194276110095211,0.0799074582806737,0.0838182812961995
all_modalities,end,0.1,0.5892857142857143,0.5773528159267539,0.6201324597644559,0.588843480164933,1.011163181150573,0.03708791208791207,0.029851007982861888,0.02599717311274552,0.04824804092896817
all_modalities,end,0.2,0.5673076923076923,0.5628723539867281,0.6300077192065726,0.5881328893174322,0.9935033135025173,0.05906593406593408,0.04433146992288772,0.03587243255486228,0.048958631776468975
all_modalities,end,0.3,0.5453296703296703,0.5446331210620725,0.6469367121744154,0.5758348460480964,0.958733789066565,0.08104395604395609,0.06257070284754329,0.05280142552270506,0.06125667504580479
all_modalities,end,0.4,0.5206043956043956,0.5231126793695601,0.6673291715502913,0.5496646946536728,0.9059450811356601,0.10576923076923073,0.08409114454005573,0.07319388489858092,0.08742682644022837
all_modalities,end,0.48,0.5082417582417582,0.5132449755682543,0.6827385325485631,0.5269207000305179,0.8694810424616315,0.11813186813186816,0.09395884834136148,0.08860324589685276,0.11017082106338327
