shape,dtype,count,min,max,mean,std,zero_ratio,nan_count,inf_count,quantile_sampled,quantile_sample_size,p01,p05,p25,median,p75,p95,p99,version,split,modality
"[3395, 500, 74]",float64,125615000,-53.72154235839844,500.0,0.6908508571943586,11.929617911941962,0.7361092305855192,0,0,True,2000000,-2.2317931723594664,-0.49959056526422496,0.0,0.0,0.0,0.5971328914165449,2.6592794251441965,unaligned,train,audio
"[3395, 500, 35]",float64,59412500,-37.746498107910156,31.25309944152832,-0.18875340773400087,1.246037022452715,0.7917713444140543,0,0,True,2000000,-4.432129859924316,-1.7862504959106444,0.0,0.0,0.0,0.07164514400064892,1.862030628919602,unaligned,train,vision
"[3395, 50, 768]",float32,130368000,-9.978325843811035,4.965427398681641,-0.010170590957941199,0.4594335809953311,4.602356406480118e-08,0,0,True,2000000,-1.0804123771190643,-0.6784325569868086,-0.24362605810165405,-0.0020248545333743095,0.2372215986251831,0.6641205102205272,1.0517069637775422,unaligned,train,text
"[728, 500, 74]",float64,26936000,-50.75642776489258,500.0,0.7173097301051542,12.07292246611736,0.7234432729432729,0,0,True,2000000,-2.264902904033661,-0.5279683589935302,0.0,0.0,0.0,0.6489133775234198,2.718667807579041,unaligned,valid,audio
"[728, 500, 35]",float64,12740000,-35.588401794433594,28.733299255371094,-0.19081816274939412,1.247943280114001,0.779407770800628,0,0,True,2000000,-4.355160632133484,-1.802991461753845,0.0,0.0,0.0,0.09626672230660607,1.917620143890381,unaligned,valid,vision
"[728, 50, 768]",float32,27955200,-9.845565795898438,4.626781940460205,-0.0102111199264183,0.461139136660293,0.0,0,0,True,2000000,-1.0860367095470427,-0.6850195705890656,-0.2460307478904724,-0.0029460671357810497,0.23830316588282585,0.6673690795898419,1.055729241371155,unaligned,valid,text
"[727, 500, 74]",float64,26899000,-50.873077392578125,500.0,0.7323780519569786,12.382090762824445,0.7209042715342577,0,0,True,2000000,-2.335308573246002,-0.531690165400505,0.0,0.0,0.0,0.6560149312019345,2.7132831716537478,unaligned,test,audio
"[727, 500, 35]",float64,12722500,-35.43349838256836,28.583099365234375,-0.19262838306141541,1.2523831782367805,0.7776914914521517,0,0,True,2000000,-4.508540554046631,-1.8323899507522583,0.0,0.0,0.0,0.13181739971041156,2.0341902399063114,unaligned,test,vision
"[727, 50, 768]",float32,27916800,-9.85290241241455,5.553917407989502,-0.010209924910267442,0.4607669922375282,3.582072443833104e-08,0,0,True,2000000,-1.0837295401096343,-0.6836607187986374,-0.24594184383749962,-0.0024751846212893724,0.23845020681619644,0.6681134551763521,1.0575834858417512,unaligned,test,text
